epoch,train_loss,val_loss,train_error1,val_error1,train_error5,val_error5
1,1.755240274887085,1.4792905847549438,66.29000119354248,55.20000144042969,14.990002568359373,7.33000236816406
2,1.3674892304611206,1.5413330253601074,50.01800177001953,53.330001403808595,6.576002739257817,8.30000261230468
3,1.1671044095230103,1.128357520866394,41.974002399902346,39.55000262451172,4.626002529296869,3.890002758789066
4,1.0364879286575317,1.6352337875366212,37.04000270996094,51.37000151367187,3.54400251464844,6.960002563476564
5,0.9397472515678406,0.9661554580688476,33.28000271728516,33.4800026977539,2.8000026318359374,2.8800022705078163
6,0.8657432443618774,0.9012822038650513,30.770002456054684,32.09000263671875,2.306002573242182,2.110002758789065
7,0.8011615628623963,1.028266251373291,28.168002526855474,34.910002636718744,1.9360027246093807,2.950002172851569
8,0.7584510512542725,0.796168088054657,26.65000249267578,27.900002331542964,1.6280024853515584,1.6900024658203137
9,0.7228240432929993,1.0116912809371947,25.35800252929687,32.58000258789062,1.5420025683593792,3.7600020263671894
10,0.6854608416938782,0.8409186363220215,23.96800260498047,27.690002685546872,1.4600026416015623,1.9600026123046916
11,0.6641986010932922,0.911100333404541,22.97800272216797,29.460002783203123,1.3900026416015692,2.5000032226562467
12,0.6398152604866028,0.9045696418762207,22.29400258544922,29.93000264892578,1.2940025146484402,1.7200025390625058
13,0.6178642045211792,0.7842921912193298,21.396002470703124,26.050002685546872,1.1340023486328192,1.6400025146484438
14,0.6113815494728089,0.9466499221801757,21.20600260253906,30.490002514648438,1.2140024755859429,2.3300028076171913
15,0.5877039989089966,0.772811165523529,20.254002470703128,25.20000270996094,1.0860024902343781,1.5500025878906314
16,0.5795756059837341,0.8066059921264649,20.244002456054687,25.950002600097662,1.0940024121093757,1.520002807617189
17,0.5655156838035583,0.8097458685874939,19.440002460937507,25.530002844238282,1.0460024902343719,2.310002954101563
18,0.5525637035942078,0.746311094379425,19.224002553710932,24.920002246093745,1.0060022509765645,2.020002392578121
19,0.5454438323402405,0.7592348931789398,18.910002524414068,24.990002612304693,0.9040023193359445,1.5800025878906183
20,0.5345408523654938,0.6867476036548614,18.52800265136719,23.46000246582031,0.8920023925781209,1.3900027587890662
21,0.5266936203193665,0.6373300834655762,18.31800254882812,21.770002465820312,0.8260021777343809,1.170002783203131
22,0.522509144039154,0.7691904407501221,18.086002670898438,25.25000270996094,0.8600023583984324,1.4500026855468775
23,0.5156250391578674,0.6565050976753235,17.95400250976563,22.03000241699219,0.8680022314453169,1.060002612304686
24,0.5049051467323303,0.7656260713577271,17.48000256835938,26.060002758789068,0.8000021142578078,1.7200024169921875
25,0.49476649642944337,0.6166948296546936,17.20200232910156,21.260002148437493,0.7480022265625053,1.3200027099609315
26,0.5045021429252624,0.6120005928516388,17.580002641601567,20.37000231933594,0.7740022705078076,1.4900025146484381
27,0.4869380683326721,0.6505187999248505,16.832002529296872,21.440002490234377,0.7180020996093788,1.3100025878906223
28,0.4864181357574463,0.609160234451294,16.800002519531247,20.280002685546876,0.7340020458984355,1.250002734375002
29,0.48591796964645384,0.7253815626144409,16.84200254882812,23.280002612304685,0.7620020605468767,1.3400023681640647
30,0.47789361258506774,0.6262631375312805,16.628002563476556,20.80000258789063,0.6540019775390675,0.9000022705078123
31,0.47447755832672117,0.6444837969779968,16.370002578124996,21.150002514648435,0.6720019970703106,1.1000022949218788
32,0.4785272676181793,0.6785482996940613,16.66600244140625,22.10000275878906,0.7140019921875052,1.2800025146484444
33,0.46836475036621095,0.7304384441375732,16.224002485351562,23.52000222167969,0.6520018896484316,1.6100026123046831
34,0.46073511379241944,0.8356159588813782,15.990002543945309,24.290002221679686,0.6600020019531314,2.660002368164058
35,0.4569222396373749,0.7126834089756012,15.894002382812502,22.88000288085938,0.6800020361328194,1.440002709960936
36,0.4541295431137085,0.8315314510345458,15.748002504882805,26.07000261230469,0.642001899414069,1.650002709960944
37,0.4535050631046295,0.6383351642131806,15.728002426757811,20.980002294921874,0.652002050781249,1.0300023193359351
38,0.450744886713028,0.8467636198043823,15.67800255371094,25.72000295410156,0.6560020214843689,2.2200024902343785
39,0.4478702792072296,0.7547660285949707,15.502002539062502,22.430002587890627,0.6260018115234374,2.040002270507813
40,0.44226259733200074,0.6697287377357483,15.448002553710936,22.460002319335942,0.6260018994140637,1.1400024902343802
41,0.4504840208339691,0.780221748161316,15.720002553710941,23.69000256347657,0.7000020117187518,1.3100026611328133
42,0.4431791663455963,0.6392537821769715,15.402002553710943,20.830002709960937,0.6160019384765576,1.2400024658203108
43,0.43876335059165955,0.665869394493103,15.308002578124999,21.56000241699219,0.5960018994140626,1.1700024902343813
44,0.4357425692272186,0.6082217730522156,15.16200258300782,19.860002685546874,0.6140019140624986,1.3500026367187559
45,0.43822724734306334,0.6447009527206421,15.168002543945306,20.900002441406244,0.5500017675781237,1.270002197265626
46,0.43708984167098996,0.755047613286972,14.94800246582031,24.61000266113281,0.554001708984373,1.7000025146484319
47,0.4343462720489502,0.567418134355545,15.244002568359377,18.830002465820314,0.5640017919921831,1.1900022216796913
48,0.42809038578987124,0.5791132188796997,14.866002421874995,19.280002612304685,0.6080019433593691,0.8800022460937527
49,0.42476566623687745,0.7145293524742127,14.574002353515624,22.320002807617186,0.5820018750000031,1.2400031982421922
50,0.42687483788490294,0.5418028395175933,14.616002553710942,17.960002270507815,0.5660018261718704,0.7800018310546903
51,0.4248000801277161,0.5883533744335174,14.886002421875006,19.63000222167969,0.5700017919921834,0.8600022949218697
52,0.4222068714237213,0.6019411936283111,14.794002675781243,20.58000266113281,0.5420018261718695,0.9900022705078158
53,0.4227432451915741,0.6294870704174041,14.52800257324219,20.28000249023438,0.5680019091796851,0.8900022216796941
54,0.4231573329257965,0.6099411602020264,14.628002563476556,19.20000246582032,0.6020018701171921,0.9100026123046945
55,0.4227805082511902,0.5926887675762177,14.620002666015623,19.110002832031256,0.5600018994140612,1.0300025390624938
56,0.42070909287452696,0.6688992665290833,14.644002558593755,21.19000295410156,0.5840017724609368,1.3400029052734368
57,0.4159848194503784,0.542700825881958,14.42800251464844,18.370002636718752,0.6120018847656183,0.9100023925781215
58,0.4113940406894684,0.8844363170623779,14.23800251953125,27.740002441406247,0.5240017871093698,2.3600027343750014
59,0.4116140098667145,0.6263678625106811,14.300002504882812,20.310002539062495,0.4840016943359444,1.1000024414062466
60,0.41132788179397584,0.6579493671417236,14.278002558593755,20.570002294921878,0.5280018750000011,1.25000258789062
61,0.4102584502315521,0.8107477723121643,14.310002573242187,24.1300021850586,0.4840017041015585,1.600002832031251
62,0.41143332401275634,0.6864277737617492,14.396002539062493,22.000002685546875,0.5220017138671835,1.7700024414062483
63,0.41415142481803896,0.8148278882980347,14.280002539062494,24.630002416992184,0.5620018212890585,1.7100024902343733
64,0.4054549204826355,0.5735077049255372,14.160002631835937,18.37000219726562,0.5340018896484366,0.9200025146484307
65,0.40623840478897094,0.6592300121307373,14.038002451171877,21.25000236816406,0.5220017578125038,1.440002514648441
66,0.40895422258377073,0.6191558291435242,14.288002426757814,20.250002832031257,0.4900016894531234,0.8100019042968682
67,0.4034855464935303,0.6649403323173523,14.104002524414057,21.00000236816406,0.5080017187499948,1.7100024169921824
68,0.4078660610485077,0.7197409032821656,14.282002602539066,22.240002905273442,0.5060015771484387,1.4300023681640681
69,0.41081725763320925,0.5981546979904174,14.260002583007818,19.270002612304694,0.49200178710937337,0.9900024169921835
70,0.40532972836494446,0.6891405073165894,14.02000254394531,22.65000231933594,0.5260017236328167,1.2200026123046825
71,0.3987580213260651,0.5949808490276337,13.950002485351561,19.32000246582031,0.5040018017578092,0.8300022949218686
72,0.4004858565330505,0.5123943243026733,13.936002465820309,17.030002441406253,0.44800151367186913,0.8900025146484438
73,0.3982130552101135,0.5462296306133271,13.878002514648443,17.91000222167969,0.5080016162109331,1.0400022216796856
74,0.4025567291927338,0.5345985018253326,14.00800250488281,17.080002612304682,0.5120016699218723,1.1000025878906285
75,0.3969600642776489,0.58618643450737,13.780002583007814,18.750002563476556,0.48400163085938175,1.4700027832031282
76,0.39775938830375673,0.6494063700675964,13.79000264160156,21.38000246582031,0.454001572265625,1.5100026855468798
77,0.3911025034713745,0.6272779725074769,13.628002553710942,19.740002319335943,0.4440015087890572,0.7500022705078067
78,0.3988355740261078,0.7578427899360657,13.864002509765626,23.55000280761719,0.5040018310546941,2.470002929687496
79,0.3917378500843048,0.6525276534080505,13.618002749023432,20.610002612304683,0.48000164062500517,1.1300026611328065
80,0.3908437987804413,0.5980182554244995,13.490002470703132,20.030002612304685,0.47400153808594325,1.2800023681640624
81,0.40016621174812317,0.6187939758777619,13.826002612304691,19.720002514648442,0.4820017089843702,1.1200023193359385
82,0.2918336030769348,0.36278820815086366,9.900002568359369,12.200002490234368,0.26600107910155657,0.47000148925781104
83,0.25991806204319,0.35961638712882993,8.896002680664068,12.080002563476569,0.21400094238281042,0.40000144042969055
84,0.24802601433753968,0.3514593065738678,8.454002436523439,11.690002416992186,0.19600081054687735,0.4800015380859435
85,0.24224585651397704,0.3503190732240677,8.340002416992192,11.62000239257813,0.18800074218749785,0.530001855468754
86,0.23802436126708984,0.35217493052482607,8.254002402343744,11.910002758789062,0.18800085449218784,0.46000158691406057
87,0.23252211102008818,0.3500933861732483,7.990002573242194,11.600002563476565,0.15800063964843503,0.4400014892578099
88,0.22544171027183532,0.35325445516109466,7.782002539062503,11.720002636718746,0.18800077148436856,0.3700014404296894
89,0.22503680138111115,0.34817334475517275,7.768002573242185,11.350002441406247,0.17800072265625033,0.4600015136718696
90,0.22287567173957826,0.3587854610919952,7.6960024511718785,11.900002563476562,0.17600075683593275,0.3900014648437491
91,0.21774000894546508,0.3440193065404892,7.432002436523433,11.10000275878906,0.160000737304685,0.46000166015625155
92,0.21549784354925156,0.3483951092481613,7.462002353515629,11.120002636718752,0.160000698242186,0.3600013183593802
93,0.21362478213787078,0.35604065198898316,7.374002524414067,11.560002587890622,0.12800058105469247,0.41000126953125005
94,0.21044486785411834,0.36418288271427157,7.188002622070314,11.770002661132807,0.1520006689453055,0.410001416015632
95,0.2079062616252899,0.35653713874816895,7.256002612304684,11.540002539062499,0.12200053710937198,0.4500013183593694
96,0.20529430766105652,0.3508913613319397,7.064002578124999,11.370001879882807,0.15000067382813143,0.4600015136718696
97,0.2045297346019745,0.3587724050283432,7.084002680664057,11.770002734374998,0.14600062499999922,0.41000126953125005
98,0.20657379015922547,0.35336602478027346,7.156002460937501,11.50000288085937,0.1380006298828107,0.39000131835938134
99,0.2025495869064331,0.34776576759815214,7.118002480468746,11.400002905273439,0.1100004687500018,0.3700015136718804
100,0.20161290634632112,0.36093153645992276,6.978002641601563,11.54000241699218,0.1160005517578071,0.4000015136718815
101,0.19733556433677674,0.3563222894191742,6.900002436523437,11.210002636718755,0.15000065917968186,0.3600013183593802
102,0.19673174166202545,0.36484641551971436,6.790002421875002,11.710002343750006,0.13000060546875147,0.4600015136718696
103,0.19444659975528716,0.35505673471689225,6.762002612304684,11.330002685546873,0.1140005273437481,0.42000131835936827
104,0.19796014765739442,0.35405911359786985,6.836002426757815,11.310002612304686,0.11600049316406569,0.36000117187499825
105,0.1946794945406914,0.36377257297039034,6.732002475585944,11.880002807617188,0.11600054199219301,0.4000012207031318
106,0.19217415361166001,0.37137060601711275,6.690002524414069,11.780002270507808,0.11800048828125398,0.4000012207031318
107,0.19314924897432328,0.3631736330747604,6.910002573242181,11.580002685546873,0.11600053710937175,0.37000129394530745
108,0.19512459177970887,0.35955124742984773,6.844002548828129,11.640002563476557,0.10200048339844159,0.4300017333984414
109,0.18924050105571746,0.36025481371879575,6.592002470703122,11.64000288085937,0.11000050781250081,0.420001611328118
110,0.18918908905506135,0.35906455981731417,6.532002436523442,11.660002441406249,0.09200040527343845,0.35000141601562973
111,0.18766910921812058,0.37542070660591126,6.62400272949219,11.360002050781247,0.12800059570312783,0.4400015625000009
112,0.1894151794052124,0.36713536171913147,6.644002519531256,11.630002636718757,0.10400044921874496,0.4400015625000009
113,0.18702267333984374,0.36470849697589874,6.586002558593748,11.630002539062502,0.10400044921874496,0.38000141601563087
114,0.1891866620707512,0.35724759021997454,6.532002436523442,11.47000256347657,0.10200048339844159,0.44000170898436863
115,0.1858892279100418,0.37012557187080386,6.52800252929687,11.410002490234376,0.07400034667968214,0.4200014648437502
116,0.18617991672039033,0.3635634275436401,6.536002670898441,11.530002075195313,0.09800040527343867,0.4500013183593694
117,0.18442708312749861,0.374991519510746,6.566002451171869,11.620002172851557,0.0900003955078148,0.41000126953125005
118,0.1837506091427803,0.34968984956741334,6.344002456054682,10.98000256347656,0.12600055664061927,0.3200011230468789
119,0.1832586026096344,0.367356503200531,6.440002626953131,11.460002734374996,0.08400038085937922,0.3900013916015581
120,0.18276426273822785,0.3486906770467758,6.402002441406253,11.080002929687495,0.10400046386719453,0.30000102539062823
121,0.17859647852897645,0.3671805393457413,6.084002651367186,11.250002514648443,0.10400046386719453,0.42000139160155925
122,0.18311068462371827,0.378253994512558,6.520002407226556,11.670002539062494,0.07200035156249385,0.410001342773441
123,0.16059792276859283,0.3418339074373245,5.466002631835934,11.060002856445308,0.06800030273437585,0.34000122070312955
124,0.15488397982597352,0.3391963705778122,5.3200024414062455,10.75000258789062,0.06000029296875198,0.34000114746093857
125,0.15414188643693924,0.3398502107858658,5.282002456054684,10.640002636718748,0.07600035644530578,0.2700010253906271
126,0.14947906216621398,0.33667009007930754,5.204002636718755,10.690002880859382,0.06400029785156391,0.37000129394530745
127,0.15035335332870484,0.34080349259376524,5.258002514648439,10.610002563476556,0.08200037109375558,0.300001171874996
128,0.14872314979314805,0.34273259229660036,5.138002578124997,10.640002270507807,0.0740003613281317,0.32000126953124663
129,0.14907691027879716,0.3442572646856308,5.2740024951171876,10.710002392578119,0.06200028808594027,0.37000129394530745
130,0.14831732353448868,0.3401762046337128,5.178002534179683,10.500002807617193,0.07400033203124678,0.31000107421874645
131,0.14632725324392318,0.33701882984638215,4.996002607421872,10.410002392578122,0.0680003173828112,0.35000126953124777
132,0.14551459538698197,0.33461640598773956,5.08200260742187,10.73000249023437,0.050000214843748836,0.33000131835937907
133,0.1484339522075653,0.3410293891906738,5.16200261230469,10.630002661132806,0.05800028320312833,0.4000015869140583
134,0.1465830683350563,0.33823170218467713,5.076002666015626,10.580002465820314,0.06400031249999927,0.360001391601557
135,0.14529851056814194,0.3365525364875793,5.00400260253906,10.900002807617184,0.0480002343749959,0.30000131835937793
136,0.14571522150039673,0.33519160747528076,5.134002353515626,10.470002539062506,0.04600022460937225,0.3900013916015581
137,0.14638951529741287,0.34167394704818727,5.066002529296881,10.610002465820315,0.05400024902343148,0.3300012451171881
138,0.1454122469627857,0.34011608567237855,5.102002846679682,10.410002441406249,0.056000258789069335,0.3800012695312489
139,0.1431362818169594,0.3412097466468811,4.978002500000002,10.520002490234376,0.054000263671881044,0.3900013916015581
140,0.14139637624025345,0.3428008491039276,4.854002583007812,10.650002465820307,0.056000258789069335,0.34000114746093857
141,0.14644840010881424,0.344209782409668,5.0280026562499955,10.63000258789063,0.05400024902343148,0.3600010253906305
142,0.1426826804494858,0.3413266285777092,5.024002636718748,10.520002319335944,0.05400024902343148,0.4000012939453086
143,0.14287424815416336,0.34089538780450823,4.982002675781246,10.430002807617186,0.062000273437504916,0.35000141601562973
144,0.14264333357810974,0.335913657861948,4.862002622070307,10.150002832031248,0.054000263671881044,0.300001171874996
145,0.14430495109319688,0.34368491415977476,4.982002397460931,10.450002416992191,0.05800028320312833,0.34000122070312955
146,0.14034082840681075,0.3533559620857239,4.840002646484379,10.54000241699218,0.05800028320312833,0.3500015624999975
147,0.13940847785711288,0.35105294785499574,4.786002685546876,10.520002392578121,0.050000214843748836,0.3400012939453063
148,0.14226727009892465,0.34936155769824984,5.018002568359378,10.67000270996094,0.052000239257807834,0.43000158691405943
149,0.14313495479106902,0.3502490772485733,4.93800252441406,10.65000268554688,0.060000278320316625,0.37000136718749843
150,0.14216511207699775,0.3470004620552063,4.898002568359374,10.750002685546875,0.060000278320316625,0.3300012451171881
151,0.13998463052272797,0.3519938003897667,4.848002578125005,10.590002416992192,0.06800030273437585,0.3100012939453194
152,0.1394010250520706,0.34708450198173524,4.876002666015623,10.800002465820313,0.05800023925780806,0.3600013183593802
153,0.1404967484498024,0.34594798953533173,4.8940026318359315,10.710002246093751,0.0660002929687522,0.30000124511718695
154,0.137837107629776,0.3478675884485245,4.774002309570307,10.510002343750003,0.052000239257807834,0.47000141601562007
155,0.1416002440404892,0.3426891298532486,4.884002626953119,10.520002758789062,0.044000200195313255,0.3500011962890568
156,0.14199583417892456,0.3524164510250092,4.950002548828124,10.800002294921882,0.06000029296875198,0.3300011718749971
157,0.14172348148107528,0.3404361385822296,4.858002499999998,10.390002636718748,0.06200028808594027,0.4000015136718815
158,0.13822527461051942,0.35177757376432417,4.860002558593749,10.570002563476564,0.03200015625000674,0.31000136718749616
159,0.13925733600854873,0.34940403783321383,4.8740026318359355,10.550002490234377,0.05600022949218442,0.36000146484374795
160,0.13882527224063873,0.348734658908844,4.820002500000001,10.540002783203121,0.05600024414061977,0.3700015136718804
161,0.13970350516438484,0.3433164759159088,4.904002519531247,10.530002587890621,0.02800013671874524,0.32000119628905566
162,0.14092039270877837,0.34641858515739443,4.874002719726562,10.510002441406243,0.03200015625000674,0.3300012451171881
163,0.13796690458774566,0.349329689091444,4.772002475585936,10.62000219726562,0.048000219726560545,0.35000141601562973
164,0.13711356363773347,0.35258018364906313,4.7560024462890595,10.600002612304692,0.05400024902343148,0.36000117187499825
165,0.13649807796120644,0.35205372149944303,4.904002529296875,10.65000239257813,0.05400024902343148,0.3400014404296883
166,0.13485201860904694,0.3466287260055542,4.744002558593749,10.300002197265627,0.04400021484374861,0.3700015136718804
167,0.13445184536695481,0.35043339910507204,4.644002377929681,10.470002197265629,0.05000022949218419,0.36000146484374795
168,0.13231368580818176,0.3424962536752224,4.542002524414059,10.110002709960938,0.038000185546877674,0.3500011962890568
169,0.13508067036628724,0.34651950616836547,4.714002397460931,10.510002441406243,0.040000180664065965,0.33000131835937907
170,0.13405469380140306,0.3452480100631714,4.660002529296875,10.290002563476563,0.05000024414061954,0.3800016357421896
171,0.13468624229431153,0.35097238664627073,4.6040025927734405,10.280002587890621,0.07000032714843485,0.3200014160156286
172,0.13551036799073218,0.3458378856420517,4.756002392578125,10.42000270996094,0.056000258789069335,0.3600013183593802
173,0.13355428127765656,0.34990112305879595,4.686002690429689,10.330002783203128,0.036000161132818675,0.35000141601562973
174,0.12942811474323274,0.3496367696881294,4.514002719726562,10.710002587890628,0.038000185546877674,0.3400014404296883
175,0.13410852283000946,0.34654377801418307,4.664002524414059,10.450001953124996,0.05400025390625274,0.300001171874996
176,0.13468515675187112,0.34778033406734465,4.588002548828129,10.53000249023438,0.06200030273437562,0.35000112304688
177,0.13188947492599487,0.34019139884710314,4.576002636718755,10.310002319335936,0.05200020996093713,0.300001171874996
178,0.13392148334503173,0.33730807535648344,4.674002490234372,10.350002636718756,0.04600022460937225,0.34000122070312955
179,0.13346162086725236,0.3443690169215202,4.614002666015622,10.400002587890626,0.05000024414061954,0.3100012939453194
180,0.13208289669156076,0.3429487029671669,4.532002602539066,10.340002807617182,0.04000016601563061,0.3300012451171881
181,0.13478730129003524,0.3484078769207001,4.610002524414057,10.720002319335933,0.06600026855468855,0.40000144042969055
182,0.13255382338881494,0.3474689595222473,4.706002543945317,10.590002587890623,0.06000029296875198,0.35000126953124777
183,0.13392528598546982,0.3472849683523178,4.59800245117188,10.480002416992193,0.05000022949218419,0.38000141601563087
184,0.1336602224612236,0.3607805622935295,4.624002416992184,10.780002856445307,0.040000180664065965,0.4200014648437502
185,0.12988450508713723,0.3439678875207901,4.392002617187501,10.410002636718744,0.04600022460937225,0.3100012939453194
186,0.13222616416692734,0.3464289282500744,4.5660025830078155,10.380002490234375,0.034000166015630384,0.36000146484374795
187,0.1311136894327402,0.34851390986442565,4.596002490234369,10.510002343750003,0.04600022460937225,0.3900014648437491
188,0.1337264500308037,0.3453041047930717,4.674002451171873,10.290002636718754,0.05200025390624319,0.4400015625000009
189,0.1332760195851326,0.3503774892091751,4.618002539062502,10.70000234375,0.03600017578125403,0.33000139160155584
190,0.13133913672208786,0.3436176372408867,4.472002490234374,10.5700025390625,0.052000239257807834,0.39000161132813105
191,0.13321973128795625,0.3436207209050655,4.600002578125,10.390002392578126,0.04000019531250132,0.3800012695312489
192,0.12881618367314338,0.34568299325704577,4.422002602539067,10.460002294921878,0.042000205078124964,0.30000124511718695
193,0.13542832170009614,0.34522260829210283,4.750002578125006,10.410002734374999,0.04200019042968961,0.3600013183593802
194,0.13202385724306107,0.34866234890222547,4.548002397460934,10.530002441406253,0.038000185546877674,0.37000129394530745
195,0.13131339993953706,0.35022989745140076,4.502002500000003,10.310002490234382,0.042000205078124964,0.35000126953124777
196,0.12997068001270295,0.3417826597452164,4.536002690429683,10.540002734374994,0.04400021484374861,0.37000136718749843
197,0.13059557280421258,0.34467291069030764,4.456002651367186,10.320002221679687,0.05200025390624319,0.2700010253906271
198,0.1340785569190979,0.34845316274166105,4.732002456054687,10.410002416992185,0.038000185546877674,0.36000117187499825
199,0.13187608158349992,0.34724461051225664,4.554002734375004,10.530002514648444,0.034000166015630384,0.35000134277343875
200,0.13519035614967345,0.3533276408672333,4.728002514648438,10.530002734375003,0.044000200195313255,0.36000146484374795
201,0.132853991086483,0.3461227619171143,4.612002612304693,10.530002734375003,0.042000205078124964,0.3900014648437491
202,0.13246245193243028,0.34886564486026767,4.5460025146484355,10.510002709960943,0.034000166015630384,0.38000148925780763
203,0.13113496324300766,0.3460291870832443,4.618002675781256,10.48000249023437,0.05200025390624319,0.33000131835937907
204,0.13165747450470924,0.34701007040739057,4.688002548828123,10.43000224609375,0.05200025390624319,0.3300012451171881
205,0.13194880936026573,0.348124074113369,4.574002504882813,10.540002685546881,0.0480002343749959,0.3400012939453063
206,0.13053606965065,0.3554004206299782,4.476002641601568,10.45000256347656,0.040000180664065965,0.34000122070312955
207,0.13396336995840072,0.3470261910915375,4.6960025634765685,10.59000263671875,0.04600022460937225,0.33000139160155584
208,0.13206501114606858,0.3491112810850143,4.502002646484371,10.320002709960931,0.06600030761718756,0.36000124511718923
209,0.1339486155629158,0.34943751183748245,4.6400025830078135,10.370002465820306,0.04400021484374861,0.37000136718749843
210,0.12845816768407822,0.34264408521652223,4.370002631835931,10.240002441406247,0.04000019531250132,0.38000148925780763
211,0.12907480780363084,0.35251750931739806,4.418002573242191,10.530002587890621,0.04000019531250132,0.3100012939453194
212,0.13093609953045846,0.34582943389415743,4.502002500000003,10.610002514648443,0.02600011230468624,0.3600013183593802
213,0.1318232553768158,0.34659500215053557,4.628002685546875,10.300002319335931,0.03800015625000697,0.34000114746093857
214,0.1319151212501526,0.3477514078617096,4.562002382812494,10.610002465820315,0.0480002343749959,0.33000131835937907
215,0.1311312880706787,0.3446180590391159,4.490002485351567,10.470002783203128,0.038000185546877674,0.360001391601557
216,0.13061217856526375,0.35031961349248886,4.500002539062507,10.590002441406256,0.05200025390624319,0.37000129394530745
217,0.13232570781946182,0.3487059560120106,4.630002368164057,10.500002856445306,0.030000146484368884,0.3500011962890568
218,0.13163400439620018,0.33998312523961066,4.6220025292968785,10.080002636718746,0.05800023925780806,0.36000124511718923
219,0.127633759316206,0.3481528403043747,4.390002499999994,10.430002514648436,0.03600017578125403,0.37000129394530745
220,0.13102528263568877,0.3445656354188919,4.492002529296869,10.540002270507813,0.048000195312496885,0.28000100097656855
221,0.1307023057216406,0.3434837759256363,4.512002568359378,10.480002636718751,0.05000024414061954,0.31000114746093743
222,0.12905861858725548,0.3475032421886921,4.416002543945311,10.470002124023438,0.03400015136718082,0.3700012207031307
223,0.13190281596899034,0.3467018387794495,4.538002539062504,10.460002514648437,0.05000024414061954,0.3400012939453063
224,0.13054530192136765,0.3461751696228981,4.500002495117187,10.390002563476557,0.0480002343749959,0.3400012939453063
225,0.12983205631017686,0.3454294034123421,4.5240026074218775,10.280002587890621,0.030000146484368884,0.35000126953124777
226,0.13147997586011886,0.3473289013743401,4.584002499999997,10.440002514648441,0.038000185546877674,0.27000109863281807
227,0.13115943849802017,0.3467414092063904,4.574002563476569,10.310002465820318,0.044000200195313255,0.37000136718749843
228,0.1303515116727352,0.3439626618862152,4.512002470703123,10.260002343750003,0.038000185546877674,0.32000119628905566
229,0.13077150461673737,0.3464659966468811,4.432002583007815,10.49000239257812,0.03800017089844232,0.28000100097656855
230,0.13262896163225174,0.34404702410697935,4.584002456054691,10.38000229492188,0.04000019531250132,0.3200011230468789
231,0.13265161242723464,0.34374696394205095,4.678002602539067,10.320002514648436,0.022000107421874304,0.39000124511719036
232,0.13007177518844604,0.3463247292280197,4.550002441406249,10.680002368164068,0.034000166015630384,0.3300012451171881
233,0.13021566070079804,0.3481893694162369,4.516002553710933,10.450002709960941,0.04800020507812519,0.35000126953124777
234,0.1320953548336029,0.34533978662490844,4.564002666015625,10.660002392578122,0.05200025390624319,0.39000153808594007
235,0.1296990818953514,0.3493710266709328,4.544002329101559,10.530002807617194,0.042000205078124964,0.33000109863280613
236,0.13007073065757752,0.34565192363262176,4.490002426757812,10.420002148437504,0.04200019531249666,0.33000109863280613
237,0.1314587795305252,0.3488619642853737,4.5860025878906185,10.180002465820309,0.05000024414061954,0.33000131835937907
238,0.13042656744360923,0.3464254577934742,4.496002543945309,10.460002587890628,0.036000161132818675,0.3600013183593802
239,0.1308496450614929,0.3490699115037918,4.608002499999998,10.470002539062506,0.04400021484374861,0.34000122070312955
240,0.13083818301200867,0.34031202632188795,4.522002475585936,10.250002441406252,0.058000253906243415,0.3200010498046879
241,0.12928817708969118,0.34760195472240446,4.506002412109382,10.51000249023437,0.0480002343749959,0.3900013916015581
242,0.12847402046442033,0.34569935282468794,4.426002612304686,10.720002612304683,0.05000024414061954,0.300001171874996
243,0.12916858962535857,0.34325999903678894,4.466002587890628,10.350002368164056,0.0480002343749959,0.29000112304687775
244,0.13080304329752923,0.34672620961666106,4.486002412109372,10.460002636718755,0.05200025390624319,0.3300011718749971
245,0.1311823241853714,0.35152477881908417,4.530002490234381,10.68000224609375,0.0480002343749959,0.3200010498046879
246,0.1300141763830185,0.3477547703504562,4.4120025585937555,10.400002514648435,0.04400021484374861,0.31000107421874645
247,0.1290983078455925,0.35288189857006075,4.502002460937504,10.700002416992191,0.04000019531250132,0.35000126953124777
248,0.1310375065112114,0.3446353865146637,4.556002509765619,10.320002661132818,0.02600011230468624,0.30000102539062823
249,0.13103312774777412,0.34314317618608475,4.650002499999999,10.550002880859381,0.05200025390624319,0.420001611328118
250,0.12816337364912034,0.34076756958961485,4.446002465820314,10.49000246582031,0.050000214843748836,0.300001171874996
251,0.12976403713226317,0.34820203050374987,4.462002685546878,10.420002612304685,0.052000239257807834,0.30000124511718695
252,0.12833558507919313,0.34933978180885317,4.468002387695307,10.380002416992184,0.05200025390624319,0.3700012207031307
253,0.12724529039382934,0.34516035063266753,4.322002460937497,10.460002490234373,0.04000019531250132,0.35000126953124777
254,0.1284935343337059,0.3406107826948166,4.334002622070315,10.530002441406253,0.040000180664065965,0.3100012207031284
255,0.12840845046281815,0.34738223493099213,4.482002514648443,10.39000241699219,0.03800017089844232,0.32000126953124663
256,0.1291569720864296,0.3491802910804749,4.446002500000006,10.580002294921869,0.036000161132818675,0.36000117187499825
257,0.12956709850549697,0.3469645856261253,4.458002500000006,10.320002368164069,0.042000205078124964,0.35000126953124777
258,0.12946903970718385,0.34390327932834625,4.4680025830078165,10.390002465820317,0.04000019531250132,0.3600013183593802
259,0.127938493745327,0.35043110189437865,4.356002626953128,10.440002709960936,0.054000263671881044,0.300001171874996
260,0.13121363991498947,0.3525794583320618,4.618002631835935,10.50000229492187,0.030000146484368884,0.3300012451171881
261,0.12787181636571884,0.3408050485253334,4.356002553710937,10.430002392578132,0.03600017578125403,0.31000114746093743
262,0.12854673646450043,0.3465013055086136,4.422002407226557,10.310002465820318,0.05800026855469298,0.32000126953124663
263,0.1292575154554844,0.3478815458893776,4.49600243652344,10.460002954101569,0.0460002099609369,0.3500011962890568
264,0.12959393168210984,0.3457564222097397,4.498002612304688,10.320002294921878,0.03400015136718082,0.36000124511718923
265,0.1309156433749199,0.3475420205116272,4.498002680664058,10.43000261230469,0.05000024414061954,0.35000134277343875
266,0.13122153099298478,0.3499989689588547,4.49200260253906,10.310002465820318,0.04600022460937225,0.35000134277343875
267,0.13092950720787047,0.34505355699062346,4.568002407226558,10.390002563476557,0.0460002099609369,0.32000119628905566
268,0.1329915311574936,0.3484922671794891,4.590002558593753,10.520002709960934,0.05800023925780806,0.3600013183593802
269,0.13149339412450792,0.3484076872229576,4.6440024414062435,10.450002490234368,0.048000219726560545,0.36000124511718923
270,0.12913881022334098,0.3447021150827408,4.4460023730468805,10.460002612304692,0.038000185546877674,0.3300012451171881
271,0.1270278502547741,0.3492050352782011,4.364002514648433,10.620002709960943,0.03600017578125403,0.27000087890624513
272,0.13135226603984831,0.34793729705810544,4.6240023632812495,10.600002490234374,0.05200025390624319,0.3300011718749971
273,0.13116926459789277,0.3488973478913307,4.532002500000004,10.48000256347656,0.03800017089844232,0.32000119628905566
274,0.12790454894065856,0.3513564698219299,4.38000250488281,10.330002416992187,0.05400024902343148,0.29000112304687775
275,0.12840388577461243,0.34977742685079577,4.52600243164062,10.390002563476557,0.0460002099609369,0.36000124511718923
276,0.12995539493918418,0.35106457395553586,4.564002626953126,10.300002709960935,0.04600022460937225,0.32000119628905566
277,0.1271952513217926,0.3450926737904549,4.444002495117189,10.460002441406246,0.0440001855468779,0.35000126953124777
278,0.12881629731178285,0.34826178384423256,4.464002534179684,10.470002783203128,0.046000195312501546,0.33000139160155584
279,0.1270507252907753,0.3462431071996689,4.406002490234371,10.530002734375003,0.038000185546877674,0.32000126953124663
280,0.12989420375347138,0.3451364623069763,4.448002451171874,10.540002343750004,0.05200025390624319,0.3900014648437491
281,0.12905874870181083,0.34497649706602096,4.516002519531256,10.530002587890621,0.03200015625000674,0.35000112304688
282,0.13165859688162804,0.3471921296954155,4.634002553710943,10.430002465820309,0.030000146484368884,0.3600013183593802
283,0.1288627558684349,0.35281998368501666,4.416002587890631,10.490002832031252,0.05600024414061977,0.300001171874996
284,0.12838009835720063,0.35233912696838376,4.444002485351561,10.760002270507812,0.040000180664065965,0.3000010986328192
285,0.12994289035320283,0.35190197206735613,4.528002666015624,10.490002319335943,0.038000185546877674,0.39000124511719036
286,0.12964262184858322,0.34538505856990814,4.4320026318359425,10.340002075195315,0.04000016601563061,0.39000124511719036
287,0.12894182811260224,0.35327571345567704,4.47000254882812,10.500002416992189,0.06000029296875198,0.30000131835937793
288,0.1284233422970772,0.34747856366634366,4.466002500000002,10.220002539062506,0.0460002099609369,0.3800013427734399
289,0.12915501818656921,0.3477022985577583,4.4700026855468735,10.330002563476569,0.04400021484374861,0.3500011962890568
290,0.12868349251031877,0.3451118700683117,4.424002441406245,10.61000258789062,0.042000205078124964,0.3400012939453063
291,0.13145702811002732,0.35051535658836364,4.570002495117194,10.670002587890622,0.03000013183593353,0.38000119628905793
292,0.1315811684191227,0.3532090959906578,4.5700023291015555,10.580002587890618,0.04000019531250132,0.2900009765624958
293,0.1279503013753891,0.3503344552397728,4.468002568359381,10.560002563476559,0.034000166015630384,0.29000112304687775
294,0.1302515749835968,0.3534596297860146,4.554002553710944,10.820002612304691,0.054000263671881044,0.2700010253906271
295,0.12831299754381179,0.34199734239578244,4.482002485351558,10.470002343749996,0.042000205078124964,0.300001171874996
296,0.12739011335730552,0.34707818410396574,4.452002563476569,10.510002563476561,0.042000205078124964,0.3300011718749971
297,0.12781022535920142,0.34987943789958953,4.354002495117186,10.660002490234376,0.054000263671881044,0.2900009765624958
298,0.12796354222774506,0.3490705055952072,4.4340026611328085,10.40000231933594,0.048000219726560545,0.3400012939453063
299,0.12917128594875335,0.3512072952032089,4.548002626953121,10.41000280761719,0.038000185546877674,0.34000122070312955
300,0.1283274743103981,0.3487831093788147,4.532002314453123,10.4600025390625,0.04600022460937225,0.2900010498046868
301,0.13110097536683082,0.34743537652492523,4.494002626953119,10.480002026367188,0.03400015136718082,0.42000139160155925
302,0.1266307914543152,0.34790301526784895,4.412002539062499,10.550002539062504,0.03400015136718082,0.33000131835937907
303,0.13029793004512788,0.3459006364822388,4.480002470703127,10.460002685546868,0.04600021484374395,0.35000126953124777
304,0.12956655448198318,0.3451050360202789,4.426002475585932,10.350002294921879,0.048000219726560545,0.38000148925780763
305,0.12745298954725265,0.3484744032740593,4.436002480468744,10.490002612304693,0.06000029296875198,0.35000134277343875
306,0.13063543293952942,0.3523651600599289,4.570002543945307,10.680002661132818,0.042000205078124964,0.38000141601563087
307,0.1269405368387699,0.3519689157962799,4.430002700195317,10.570002563476564,0.038000185546877674,0.30000102539062823
308,0.12993352556705476,0.3515856279611588,4.412002626953125,10.530002294921871,0.05000024414061954,0.3500011962890568
309,0.13145893343687057,0.34634159808158876,4.59200241210938,10.390002343749998,0.04000019531250132,0.35000126953124777
310,0.12949865003705024,0.35010354890823364,4.484002670898434,10.690002490234377,0.0480002343749959,0.33000109863280613
311,0.1283397701215744,0.3446639826059341,4.380002490234375,10.660002343749994,0.052000239257807834,0.3100012207031284
312,0.13058661984682082,0.3509672845005989,4.620002514648434,10.650002563476562,0.042000205078124964,0.2900010498046868
313,0.12964950541257858,0.3537030164957046,4.504002548828126,10.490002856445315,0.04000019531250132,0.3400012939453063
314,0.1304921941614151,0.35488332582712173,4.514002480468747,10.560002734375004,0.03200015625000674,0.3400012939453063
315,0.13008022957324983,0.3487796483397484,4.546002675781253,10.590002490234369,0.03600014648436911,0.37000129394530745
316,0.1298566029548645,0.35040679183006285,4.5280025341796915,10.640002636718748,0.05200025390624319,0.2800010742187453
317,0.1294443463253975,0.35283403676748276,4.602002666015622,10.520002343749994,0.04000019531250132,0.3800013427734399
318,0.13169213849067687,0.35150101498365405,4.648002568359374,10.250002319335934,0.056000258789069335,0.3400013671874973
319,0.13084792090177536,0.35926022748947145,4.55200261230469,10.640002832031243,0.04400021484374861,0.33000109863280613
320,0.12906165083289148,0.3578315209984779,4.462002441406256,10.680002294921877,0.036000161132818675,0.3400012939453063
321,0.1285928235244751,0.34888493089675904,4.366002626953119,10.490002514648438,0.054000263671881044,0.33000131835937907
322,0.12783959443092346,0.3488968088299036,4.42000248535156,10.210002392578119,0.0480002343749959,0.3000010986328192
323,0.13123753473997116,0.34940258939266206,4.556002563476568,10.520002905273444,0.05000022949218419,0.37000136718749843
324,0.12829119800806046,0.35142198758125304,4.5080025830078085,10.630002563476566,0.03800017089844232,0.38000112304688116
325,0.13067909233808517,0.34807230212688445,4.562002563476568,10.380002636718757,0.040000180664065965,0.3100012207031284
326,0.12907934985160827,0.35664641402959824,4.536002573242186,10.56000270996094,0.0480002343749959,0.34000114746093857
327,0.128615393037796,0.3542464659810066,4.482002617187504,10.610002465820315,0.036000161132818675,0.3000010986328192
328,0.12862004292964935,0.3490719636559486,4.428002519531248,10.49000246582031,0.042000205078124964,0.34000122070312955
329,0.1301704684686661,0.34989519258141516,4.676002392578127,10.680002270507813,0.05000022949218419,0.29000112304687775
330,0.12611328827381135,0.3445034906566143,4.422002792968755,10.420002465820318,0.02800013671874524,0.30000124511718695
331,0.12901413927316666,0.3442275626420975,4.432002353515628,10.400003051757807,0.0480002343749959,0.32000126953124663
332,0.12815403615951537,0.35034165534973144,4.4140025146484305,10.370002075195316,0.044000200195313255,0.35000141601562973
333,0.13213512699365615,0.3508752678990364,4.642002407226556,10.500003002929688,0.042000205078124964,0.410001416015632
334,0.12997875652432442,0.3499064432501793,4.536002495117188,10.390002465820317,0.050000214843748836,0.3300011718749971
335,0.12894035117149352,0.35030377618074415,4.534002617187497,10.420002563476558,0.042000205078124964,0.39000124511719036
336,0.12754262707471847,0.3508101773262024,4.4500023828124995,10.380002441406248,0.034000136718745466,0.2900010498046868
337,0.1277574067926407,0.35002996567487715,4.362002553710937,10.59000227050781,0.03200015625000674,0.360001391601557
338,0.12735557140827178,0.3485552349150181,4.43800263671875,10.400002514648435,0.03800017089844232,0.32000126953124663
339,0.12622118404626848,0.3514794228315353,4.340002656249993,10.640002612304684,0.03800017089844232,0.34000114746093857
340,0.1282717085957527,0.3536453186273575,4.432002587890622,10.690002392578123,0.044000200195313255,0.33000109863280613
341,0.12654804808735848,0.3517271716117859,4.432002612304686,10.860002929687496,0.05000022949218419,0.3500011962890568
342,0.1259680525493622,0.35221356011629107,4.330002539062505,10.460001928710938,0.034000166015630384,0.3700015136718804
343,0.12782240933895112,0.3518497953295708,4.512002568359378,10.600002905273442,0.034000166015630384,0.360001391601557
344,0.12959144701361655,0.34767632641792295,4.544002543945311,10.630002416992184,0.040000180664065965,0.29000112304687775
345,0.1287243441951275,0.35409894270896913,4.464002563476569,10.470002587890619,0.05200025390624319,0.38000141601563087
346,0.12880278144836427,0.3475588235616684,4.550002500000005,10.410002490234376,0.046000195312501546,0.2900010498046868
347,0.12877072858333588,0.3547406078219414,4.478002592773436,10.740002563476565,0.038000185546877674,0.34000122070312955
348,0.1284685519504547,0.3520373076558113,4.43800245605469,10.80000251464844,0.04600022460937225,0.3000010986328192
349,0.13041389969587325,0.355620168530941,4.502002495117182,10.530002636718748,0.03200015625000674,0.3500011962890568
350,0.12441467648983001,0.3529696370959282,4.29200248535156,10.590002343750001,0.04000019531250132,0.33000109863280613
351,0.12793009438037872,0.3526224683761597,4.470002509765621,10.650002661132817,0.03800017089844232,0.3100012207031284
352,0.1277393099808693,0.35041593450307845,4.3940025537109335,10.58000244140625,0.04400021484374861,0.3500011962890568
353,0.12691534318208694,0.35201564893722537,4.394002407226566,10.510002441406243,0.038000185546877674,0.3100012939453194
354,0.1290955731987953,0.3519956274271011,4.530002514648444,10.510002709960943,0.0480002246093818,0.3000010986328192
355,0.12968986980199815,0.3519226355552673,4.4340027001953075,10.660002270507817,0.03400015136718082,0.35000104980468905
356,0.13032442722320556,0.3515418473958969,4.564002500000001,10.090002490234369,0.05000024414061954,0.35000141601562973
357,0.12598378350496292,0.35223285348415373,4.354002412109381,10.48000249023437,0.048000219726560545,0.38000112304688116
358,0.12933654092788696,0.35251092767715453,4.502002709960934,10.560002441406255,0.05200025390624319,0.3600013183593802
359,0.12788889968276024,0.3557347073554993,4.470002543945313,10.58000207519531,0.03600017578125403,0.41000148925780877
360,0.12619857680559157,0.35097973437309266,4.392002666015628,10.580001953125006,0.05000024414061954,0.32000119628905566
361,0.13095832825779916,0.35421039965748785,4.630002446289069,10.580002514648442,0.04400021484374861,0.35000134277343875
362,0.12621223733067513,0.34973023252487184,4.36800250488281,10.600002490234374,0.042000205078124964,0.300001171874996
363,0.12719579996228217,0.3502409486949444,4.36000254882812,10.400002661132817,0.044000200195313255,0.33000139160155584
364,0.13038289261698724,0.3506962683558464,4.536002519531252,10.5700025390625,0.04600022460937225,0.3400012939453063
365,0.12727038331866264,0.35561036393642426,4.398002695312499,10.85000275878906,0.04000015136718105,0.34000122070312955
366,0.12698840323209762,0.35462727251052856,4.342002514648442,10.530002343749999,0.042000175781254256,0.3600013183593802
367,0.12879827187895776,0.35139326293170453,4.454002587890628,10.350002197265624,0.05200022460937248,0.35000134277343875
368,0.12784755866527558,0.3491939246892929,4.546002563476563,10.300002465820313,0.04000019531250132,0.3100012207031284
369,0.1254794066464901,0.35654113929271697,4.366002695312503,10.630002856445316,0.038000185546877674,0.2700010253906271
370,0.13056466852068901,0.35259437242746355,4.492002578124996,10.430002172851559,0.0480002343749959,0.3800013427734399
371,0.12741351228952408,0.3579128142118454,4.372002543945314,10.560002514648431,0.05000024414061954,0.37000129394530745
372,0.12884045547246933,0.34947253675460815,4.58200260742187,10.45000256347656,0.032000141601557175,0.33000131835937907
373,0.12525152521133423,0.3559651935338974,4.3400025537109315,10.670002612304685,0.038000185546877674,0.300001171874996
374,0.12729787802696227,0.35446518194675447,4.480002529296868,10.470002734375,0.03600017578125403,0.37000136718749843
375,0.1265880226612091,0.3529016544699669,4.418002592773433,10.610002685546874,0.04600022460937225,0.300001171874996
376,0.1274891020476818,0.3501345026731491,4.516002338867182,10.420002563476558,0.0480002343749959,0.3200010498046879
377,0.12629434448242188,0.35096693261265755,4.286002568359379,10.510002612304689,0.04000019531250132,0.41000148925780877
378,0.12991610030174255,0.3534965353488922,4.506002636718748,10.42000270996094,0.04600022460937225,0.3400012939453063
379,0.1284704146206379,0.3544317598819733,4.550002426757814,10.520002832031253,0.044000200195313255,0.38000141601563087
380,0.1276614388203621,0.3546628282308579,4.452002617187503,10.670002221679681,0.038000185546877674,0.33000102539062937
381,0.1282914813554287,0.3502992170810699,4.382002519531255,10.63000239257812,0.0480002343749959,0.3400012939453063
382,0.12759983347177506,0.35640037027597427,4.452002563476569,10.790002172851558,0.042000205078124964,0.29000112304687775
383,0.12803897312164306,0.36220670698881147,4.528002451171872,10.79000261230469,0.03600017578125403,0.36000117187499825
384,0.12822185061335564,0.3513110822319984,4.498002504882805,10.740002490234374,0.040000180664065965,0.31000114746093743
385,0.13020507378101348,0.3534256404876709,4.538002416992185,10.330002734375,0.044000200195313255,0.38000119628905793
386,0.12857876547813415,0.3571849792122841,4.478002626953128,10.62000285644531,0.04400021484374861,0.38000148925780763
387,0.12470525534152985,0.3586122870028019,4.352002558593753,10.460002441406246,0.05600027343750469,0.3700014404296894
388,0.12911483589410783,0.35259932928681376,4.454002548828129,10.550003027343749,0.03600017578125403,0.36000117187499825
389,0.12689584847450255,0.3565449873447418,4.488002324218755,10.560002539062495,0.03600017578125403,0.4000012939453086
390,0.12829075468301773,0.3541553112745285,4.594002563476565,10.440002514648441,0.05200025390624319,0.35000134277343875
391,0.12684280548810958,0.3576812287688255,4.430002373046875,10.700002514648432,0.034000136718745466,0.3000013916015689
392,0.12639730141282082,0.3552457510709763,4.4360026464843685,10.790002465820308,0.038000185546877674,0.34000122070312955
393,0.1268216329264641,0.36065463309288026,4.420002543945316,10.660002270507817,0.038000185546877674,0.37000129394530745
394,0.12579596160411835,0.3528361932516098,4.362002612304693,10.490002709960933,0.03800017089844232,0.29000119628906873
395,0.12759715141057967,0.3530269741177559,4.482002495117186,10.54000290527344,0.0460002099609369,0.300001171874996
396,0.12669253444194795,0.35596509135961535,4.298002475585932,10.710002270507815,0.03600017578125403,0.3700014404296894
397,0.12810252454519272,0.3551155810594559,4.478002607421871,10.410002709960935,0.04600022460937225,0.3500011962890568
398,0.12805412009596825,0.35300728907585144,4.396002470703124,10.440002734375,0.0480002343749959,0.37000136718749843
399,0.12829923127889634,0.35376961574554444,4.460002666015626,10.570002319335941,0.04000019531250132,0.35000141601562973
400,0.12782425886392593,0.3510611453413963,4.480002504882819,10.400002465820307,0.0480002246093818,0.3700015136718804
401,0.12863776245117187,0.35810703386068343,4.460002622070306,10.720002465820315,0.038000185546877674,0.3500014892578065
402,0.12564859320163727,0.359184632897377,4.334002539062496,10.630002416992184,0.03600017578125403,0.37000136718749843
403,0.12684213030338287,0.35365578952729704,4.46000246582031,10.270002465820312,0.04400021484374861,0.3700014404296894
404,0.12700740860104562,0.3587382302522659,4.464002680664066,10.780002270507808,0.02800013671874524,0.36000117187499825
405,0.12645965983867646,0.34821444584727285,4.3760024609374994,10.610002514648443,0.03800017089844232,0.30000095214843725
406,0.1276611137485504,0.3603752118110657,4.474002509765626,10.710002563476564,0.060000278320316625,0.3500011962890568
407,0.12917378340959548,0.3599548022210598,4.5260026318359365,10.660002612304694,0.034000166015630384,0.38000141601563087
408,0.12579958104610442,0.35586079370975493,4.334002456054691,10.720002465820315,0.042000205078124964,0.32000119628905566
409,0.12805246337890624,0.3532685812354088,4.53600251464843,10.490002514648438,0.04400021484374861,0.4000015869140583
410,0.1256385827255249,0.35695897179841996,4.368002592773436,10.53000241699219,0.04600022460937225,0.3800013427734399
411,0.1291220897078514,0.3569504228770733,4.536002436523432,10.66000231933593,0.042000205078124964,0.43000151367186845
412,0.12814913227558136,0.35633652859926224,4.454002529296872,10.480002636718751,0.042000205078124964,0.3300012451171881
413,0.12639675729751587,0.3481815096378326,4.324002534179684,10.500002514648443,0.05000024414061954,0.3200011230468789
414,0.12722242038726805,0.3435751249074936,4.436002612304691,10.410002270507817,0.03600017578125403,0.3300012451171881
415,0.12899136064767838,0.3534672629356384,4.468002539062496,10.570002490234373,0.05000024414061954,0.36000117187499825
416,0.12614099534511566,0.3517019509017468,4.466002480468745,10.180002392578132,0.0460002099609369,0.3300012451171881
417,0.12743730512142182,0.3567683139324188,4.4460025244140695,10.760002246093748,0.04600022460937225,0.3100012207031284
418,0.12811988993883133,0.3480856553196907,4.458002529296877,10.59000263671875,0.0480002343749959,0.30000102539062823
419,0.12285889007091522,0.3529990703463554,4.212002744140619,10.540002563476563,0.026000126953121594,0.31000114746093743
420,0.12701240283489226,0.35589212565422057,4.490002539062502,10.250002832031257,0.04600022460937225,0.3600013183593802
421,0.12715553478002548,0.35614190939068796,4.5100025683593685,10.660002465820313,0.04000019531250132,0.3200013427734376
422,0.12506790129184722,0.3537680718898773,4.380002529296874,10.530002441406253,0.03200015625000674,0.36000146484374795
423,0.12624623262286186,0.34867869852781297,4.422002358398444,10.360002783203129,0.03200015625000674,0.3300011718749971
424,0.12767570374011994,0.3598608364224434,4.440002446289057,10.760002587890625,0.05600024414061977,0.3100012207031284
425,0.13077894959926606,0.3576436232805252,4.52400244628906,10.550002758789063,0.042000205078124964,0.410001342773441
426,0.12796170957922937,0.3567776466369629,4.5080025439453095,10.700002612304687,0.03600017578125403,0.360001391601557
427,0.12471386596679687,0.35752584562301637,4.358002558593753,10.76000268554688,0.03600017578125403,0.45000175781250107
428,0.1270953730928898,0.35198583307266235,4.504002509765627,10.52000258789063,0.038000185546877674,0.3200011230468789
429,0.12445168576121331,0.3516173543691635,4.320002680664061,10.510002416992194,0.04400021484374861,0.410001342773441
430,0.12828107370376587,0.36082625019550324,4.602002631835944,10.750002636718747,0.03200015625000674,0.33000109863280613
431,0.12508956070423127,0.361854421210289,4.374002543945309,10.660002832031253,0.06200028808594027,0.3100012207031284
432,0.12658613927483559,0.3580689883947372,4.368002509765631,10.520002612304694,0.03200015625000674,0.3700012207031307
433,0.12662792242884635,0.3566818959116936,4.462002475585933,10.600002490234374,0.02400011718749795,0.35000126953124777
434,0.1265737834048271,0.3534906072258949,4.304002612304686,10.590002514648432,0.03800017089844232,0.3600013183593802
435,0.1251996838748455,0.3654046591758728,4.3380026074218705,10.640002172851567,0.05400024902343148,0.3900014648437491
436,0.1243805244064331,0.3547149374008179,4.336002519531249,10.530002343749999,0.04000019531250132,0.3200011230468789
437,0.12626669178009034,0.3517668009340763,4.352002519531254,10.730002368164065,0.040000180664065965,0.3300011718749971
438,0.1279125610768795,0.356770253431797,4.484002431640619,10.570002490234373,0.042000205078124964,0.36000124511718923
439,0.1252687761902809,0.355233194065094,4.354002700195309,10.510002465820307,0.048000219726560545,0.38000112304688116
440,0.1290824475431442,0.36053805130124095,4.474002421874999,10.370002294921875,0.06600030761718756,0.3600013183593802
441,0.12865759278535843,0.35605796518325805,4.472002529296873,10.650002465820307,0.03800015625000697,0.34000114746093857
442,0.1272192213845253,0.35856552274227144,4.350002534179694,10.5500021484375,0.026000126953121594,0.39000131835938134
443,0.12642139401316643,0.3498089103221893,4.4500026123046865,10.540002636718754,0.032000141601557175,0.3300011718749971
444,0.12848275371789933,0.3485422306090593,4.5060024462890595,10.420002612304685,0.03600014648436911,0.34000122070312955
445,0.12647980499267578,0.35131537353992465,4.394002490234371,10.540002392578131,0.04600022460937225,0.3300012451171881
446,0.12635789335727693,0.3567970273017883,4.34600245117187,10.720002246093756,0.04600022460937225,0.40000144042969055
447,0.12845484093904494,0.3570082311272621,4.446002661132809,10.49000268554687,0.04000019531250132,0.35000134277343875
448,0.12763339560985565,0.3466930810213089,4.400002495117192,10.170002734375004,0.05200025390624319,0.3400013671874973
449,0.12798526773929597,0.35248372910022735,4.406002807617185,10.54000241699218,0.03600017578125403,0.38000141601563087
450,0.12417655808210373,0.34944515384435654,4.286002553710944,10.55000244140625,0.03600017578125403,0.3100012939453194
451,0.12645230575799943,0.35525614898204805,4.436002612304691,10.37000239257813,0.05000022949218419,0.35000134277343875
452,0.12542255039691924,0.35504662487506866,4.354002470703122,10.60000266113282,0.034000166015630384,0.37000136718749843
453,0.12731005358219147,0.3520495773911476,4.392002470703119,10.410002563476567,0.03600017578125403,0.40000144042969055
454,0.12609329398393632,0.35785489189624786,4.350002573242193,10.640002563476557,0.038000185546877674,0.37000129394530745
455,0.12722364347457885,0.3589375376224518,4.420002578124993,10.680002661132818,0.0460002099609369,0.37000136718749843
456,0.12633301891088486,0.3608970549464226,4.398002509765618,10.650002294921876,0.06200030273437562,0.36000124511718923
457,0.12565718621850014,0.35550610315799713,4.362002661132806,10.560002270507809,0.026000126953121594,0.34000122070312955
458,0.12557573829889299,0.35591932294368744,4.43800266601562,10.55000290527343,0.05200025390624319,0.33000102539062937
459,0.12746831466674804,0.3588207047343254,4.496002485351568,10.600002636718756,0.03800017089844232,0.37000129394530745
460,0.12433342804670335,0.3564756974935532,4.326002431640632,10.38000258789063,0.054000234374996126,0.3900013916015581
461,0.12502824134349824,0.3538179253101349,4.366002456054687,10.730002172851556,0.03200015625000674,0.35000104980468905
462,0.12272252614498139,0.3489547765135765,4.1640024755859315,10.370002221679684,0.02800013671874524,0.36000124511718923
463,0.12507158817768096,0.35147265557050705,4.288002573242181,10.550002465820313,0.0460002099609369,0.37000136718749843
464,0.1275178295946121,0.35504376504421237,4.440002480468749,10.560002490234382,0.034000166015630384,0.34000114746093857
465,0.12691069454312323,0.3508202821016312,4.438002529296881,10.49000268554687,0.02800013671874524,0.35000126953124777
466,0.12764216636419295,0.35485524718761446,4.418002529296871,10.720002221679692,0.04400021484374861,0.34000122070312955
467,0.12786211121082305,0.35612725908756254,4.426002426757819,10.61000295410156,0.03000013183593353,0.3000010986328192
468,0.12564613521218299,0.3563438948273659,4.414002636718749,10.680002587890627,0.04200019042968961,0.35000112304688
469,0.12734210008382799,0.3535526996552944,4.486002548828125,10.460002294921878,0.05200025390624319,0.37000129394530745
470,0.1254015690088272,0.3511676648974419,4.412002470703129,10.50000249023438,0.03600017578125403,0.32000119628905566
471,0.12646588134527206,0.3464395805478096,4.340002490234369,10.52000258789063,0.038000185546877674,0.34000114746093857
472,0.1258008970451355,0.3547322951614857,4.400002563476562,10.59000263671875,0.054000234374996126,0.33000131835937907
473,0.12812147863388063,0.35203016449213026,4.422002675781243,10.480002319335938,0.04800019042968984,0.3300012451171881
474,0.12285493340730667,0.35428548122644427,4.326002558593757,10.560002294921873,0.04600022460937225,0.33000109863280613
475,0.12622238215565681,0.36064544448852537,4.372002622070312,10.57000246582031,0.0480002343749959,0.360001391601557
476,0.12438179769039154,0.3554739433646202,4.364002480468756,10.57000246582031,0.048000219726560545,0.34000122070312955
477,0.12748128148794174,0.3560489821434021,4.438002441406255,10.340002172851555,0.034000166015630384,0.33000109863280613
478,0.12561543697476388,0.35357178376913073,4.340002499999997,10.53000241699219,0.032000141601557175,0.35000126953124777
479,0.12496285791873932,0.35374504075050356,4.298002543945316,10.37000268554688,0.04400021484374861,0.3700015136718804
480,0.12734278180122374,0.3557577112853527,4.450002578124995,10.620002270507811,0.038000185546877674,0.3200011230468789
481,0.12376138067364692,0.35804964187145233,4.260002539062498,10.460002392578119,0.042000205078124964,0.3500011962890568
482,0.12725983041524888,0.35977315833568574,4.480002592773431,10.680002368164068,0.048000219726560545,0.3200011230468789
483,0.12417682532787323,0.3598238367319107,4.342002607421875,10.48000256347656,0.05200022460937248,0.2700009521484361
484,0.12440190515398979,0.3518518222808838,4.35200245117187,10.420002783203131,0.03200015625000674,0.34000122070312955
485,0.12505019864201547,0.35139347687363626,4.318002451171878,10.460002587890628,0.038000185546877674,0.35000104980468905
486,0.12549237557172777,0.3536488629579544,4.394002373046874,10.310002465820318,0.03600017578125403,0.33000131835937907
487,0.12532549023866654,0.35996412315368653,4.4340023193359315,10.760002612304689,0.034000166015630384,0.3100010009765555
488,0.12546096808075904,0.35905924994945526,4.278002368164067,10.670002685546876,0.03800015625000697,0.33000102539062937
489,0.12431216358423233,0.35975339249372484,4.416002431640621,10.880002661132806,0.034000166015630384,0.36000153808593893
490,0.12643390687823294,0.35294923547506335,4.346002612304687,10.270002636718743,0.06200027832031196,0.32000119628905566
491,0.12487405007123947,0.35521439838409424,4.3140024511718735,10.4600025390625,0.03600017578125403,0.31000114746093743
492,0.12686086183309556,0.3515395141839981,4.410002436523442,10.500002392578125,0.03600014648436911,0.3400012939453063
493,0.12675211399793626,0.3559029289484024,4.5280025048828065,10.580002539062505,0.03600017578125403,0.28000100097656855
494,0.12952269880771636,0.3613864826798439,4.608002499999998,10.520002172851562,0.054000263671881044,0.300001171874996
495,0.12445924044013024,0.3622374224662781,4.2980025390624945,10.600002709960933,0.02400011718749795,0.36000117187499825
496,0.12547245071053506,0.35779143644571304,4.274002543945315,10.660002343749994,0.042000205078124964,0.360001391601557
497,0.12623440123915672,0.35696834468841554,4.376002626953124,10.580002465820314,0.040000180664065965,0.3300011718749971
498,0.12546205884456635,0.3569375494718552,4.284002543945306,10.600002490234374,0.04200019042968961,0.300001171874996
499,0.12546200780630112,0.3516061108827591,4.39400252929687,10.420002563476558,0.02800013671874524,0.29000119628906873
500,0.12521825915575027,0.35700548050403597,4.460002602539063,10.410002294921881,0.03800017089844232,0.29000112304687775
501,0.1245262956738472,0.3551214648962021,4.286002563476558,10.380002075195307,0.042000205078124964,0.360001391601557
502,0.12521693831920624,0.3584657359600067,4.272002558593755,10.53000249023438,0.03800017089844232,0.37000129394530745
503,0.12392665677070618,0.3540093094050884,4.320002729492188,10.61000266113281,0.03600017578125403,0.35000112304688
504,0.12623737337231636,0.3591406821489334,4.352002514648433,10.570003027343745,0.044000200195313255,0.3800012695312489
505,0.12687386633872985,0.36147418476343157,4.464002724609372,10.760002172851557,0.050000214843748836,0.300001171874996
506,0.12794222927093507,0.35181062588691714,4.440002485351556,10.48000256347656,0.028000122070309885,0.3300012451171881
507,0.12406870896220207,0.35089034590125084,4.4140023046875,10.480002172851556,0.030000146484368884,0.3200011230468789
508,0.12505777291059494,0.35730894539356234,4.322002436523434,10.66000258789063,0.03800017089844232,0.3600013183593802
509,0.12714398758769035,0.3620651554822922,4.442002558593757,10.490002539062502,0.03200015625000674,0.3300011718749971
510,0.1260850156211853,0.3607722662448883,4.422002529296876,10.39000241699219,0.038000185546877674,0.36000124511718923
511,0.1241942044019699,0.3538276726603508,4.338002451171874,10.370002514648434,0.03200015625000674,0.35000126953124777
512,0.12374849708795548,0.35304274661540985,4.2580026220703076,10.450002441406255,0.03800015625000697,0.3900014648437491
513,0.12699208852171898,0.35215234105587007,4.452002661132809,10.480002319335938,0.05600027343750469,0.32000119628905566
514,0.1256644719362259,0.3593020241498947,4.4900026757812554,10.51000219726562,0.054000263671881044,0.31000114746093743
515,0.12406179236292839,0.3559832538485527,4.3340025976562515,10.640002978515625,0.02800013671874524,0.40000144042969055
516,0.12502368348836898,0.3524610363304615,4.356002685546869,10.410002709960935,0.04000019531250132,0.34000122070312955
517,0.12472241427063942,0.35965098361968995,4.340002460937498,10.680002514648436,0.038000185546877674,0.31000114746093743
518,0.12523937856674194,0.36100281336307527,4.384002597656249,10.49000246582031,0.03600017578125403,0.3000010986328192
519,0.12525005380034446,0.3542762613534927,4.300002441406249,10.520002612304694,0.03200015625000674,0.36000124511718923
520,0.126127224881649,0.3562109610915184,4.400002504882806,10.570002563476564,0.034000166015630384,0.45000146484375136
521,0.1234959053850174,0.35471408947706223,4.274002519531251,10.500002416992189,0.038000185546877674,0.3300012451171881
522,0.12483058230400085,0.36363494482040404,4.362002509765631,10.740002270507816,0.038000185546877674,0.4300016601562504
523,0.1262265565633774,0.35211898466348646,4.354002543945313,10.190002392578123,0.04000019531250132,0.3200013427734376
524,0.12855273016929628,0.3562502922773361,4.572002426757805,10.45000227050781,0.0480002343749959,0.3100012939453194
525,0.12307082634806633,0.3576257912158966,4.284002441406244,10.470002221679692,0.042000205078124964,0.37000136718749843
526,0.12271952065229416,0.35432930277585983,4.272002602539061,10.560002514648431,0.03400015136718082,0.3600013183593802
527,0.12699335480332374,0.3564380751132965,4.436002504882808,10.780002636718748,0.04400021484374861,0.37000129394530745
528,0.12429917525172234,0.35849510617256164,4.268002553710943,10.530002441406253,0.036000161132818675,0.3400012939453063
529,0.12649463884592058,0.3546052729487419,4.3740026171875,10.490002246093752,0.04000019531250132,0.2600011230468766
530,0.12410414537906647,0.35186459064483644,4.290002436523437,10.370002465820306,0.030000146484368884,0.3000008056640695
531,0.12574027289271356,0.3604379462122917,4.376002451171871,10.800002563476568,0.03600017578125403,0.2900010498046868
532,0.12474887263298035,0.35210242948532106,4.43600242675781,10.290002709960945,0.030000146484368884,0.3800012695312489
533,0.12444491080641747,0.3499047295808792,4.272002749023443,10.370002465820306,0.03600017578125403,0.410001416015632
534,0.12572109330654144,0.3569995372593403,4.344002719726561,10.550002294921882,0.042000205078124964,0.3600013183593802
535,0.1253369494175911,0.3561912230014801,4.272002490234371,10.540002490234372,0.04000019531250132,0.3300012451171881
536,0.12623580847382546,0.35297522846460344,4.384002548828121,10.550002392578122,0.034000166015630384,0.42000131835936827
537,0.12242699532151222,0.35935554851293566,4.342002675781245,10.650002343750003,0.034000166015630384,0.3800012695312489
538,0.12626458528280257,0.35189491035938264,4.382002670898444,10.520002807617189,0.034000166015630384,0.35000134277343875
539,0.12725362121582032,0.3562451796293259,4.392002573242181,10.580002612304682,0.038000185546877674,0.3600013183593802
540,0.12501155552268028,0.35421918816566467,4.39600255859375,10.60000239257812,0.03200015625000674,0.300001171874996
541,0.12695489266872406,0.3557349457502365,4.44400256835938,10.290002294921877,0.038000185546877674,0.3800013427734399
542,0.12550135338425636,0.3601477237701416,4.378002539062507,10.570002612304691,0.03000013183593353,0.32000126953124663
543,0.12261024120092393,0.3554063649773598,4.2800026367187485,10.400002441406244,0.04400021484374861,0.36000124511718923
544,0.12724383914351464,0.35629123764038084,4.4480026660156256,10.390002685546875,0.02400011718749795,0.40000144042969055
545,0.12342887032151222,0.3575501262843609,4.278002587890626,10.480002465820306,0.038000185546877674,0.39000153808594007
546,0.12563463979005812,0.36038770067691805,4.362002563476565,10.490002368164056,0.04200019042968961,0.4400015625000009
547,0.12548297859430313,0.3555383853673935,4.370002558593754,10.480002172851556,0.042000205078124964,0.3700012207031307
548,0.12272143689155579,0.3558854950129986,4.366002480468751,10.420002026367186,0.03200015625000674,0.3200011230468789
549,0.12223676570653916,0.3593464268922806,4.2960026660156245,10.550002270507818,0.034000166015630384,0.31000114746093743
550,0.12359420888900757,0.3567050244569778,4.222002373046877,10.420002465820318,0.04000019531250132,0.3700014404296894
551,0.1252237004852295,0.3634456844806671,4.426002578124994,10.560002197265618,0.044000200195313255,0.33000109863280613
552,0.12576441126227378,0.36101454738378524,4.360002636718747,10.55000244140625,0.03800017089844232,0.35000134277343875
553,0.12561264758586885,0.3572246883869171,4.39800258789063,10.500002514648443,0.04000019531250132,0.360001391601557
554,0.12538849663972854,0.3544929710149765,4.420002539062494,10.260002954101566,0.034000166015630384,0.35000126953124777
555,0.12435334159612656,0.359855792838335,4.262002460937495,10.490002514648438,0.040000180664065965,0.34000114746093857
556,0.12486894756317139,0.3554761261701584,4.348002465820315,10.520002416992185,0.03600017578125403,0.3300009521484384
557,0.12336625429987907,0.3553795599460602,4.330002675781245,10.390002270507807,0.04000019531250132,0.34000114746093857
558,0.12520903372764589,0.3545390766143799,4.3760027294921855,10.310002294921873,0.038000185546877674,0.32000119628905566
559,0.1242064007294178,0.35697512757778166,4.286002661132812,10.730002758789055,0.034000166015630384,0.35000134277343875
560,0.12112893433451652,0.35588964668512346,4.2420025927734315,10.680002490234372,0.03200015625000674,0.3600013183593802
561,0.12411138264894485,0.35510636343359947,4.2600024853515635,10.790002514648435,0.04000019531250132,0.35000126953124777
562,0.12337125686526298,0.35654968566298484,4.324002583007811,10.51000268554688,0.03200015625000674,0.31000107421874645
563,0.12079499017477036,0.3659704845786095,4.232002602539069,10.920003027343753,0.040000180664065965,0.3200013427734376
564,0.1279236474442482,0.3583565633833408,4.498002607421881,10.460002661132819,0.034000166015630384,0.35000126953124777
565,0.12288123948097229,0.35633469260931017,4.238002670898439,10.290002563476563,0.04000019531250132,0.3300011718749971
566,0.1247504598915577,0.3540828076124191,4.418002553710934,10.54000261230469,0.030000146484368884,0.4200014648437502
567,0.12279944444656372,0.3590096055984497,4.236002465820306,10.560002563476559,0.04000019531250132,0.3800013427734399
568,0.12620839357733726,0.36087097229361537,4.400002358398439,10.480002319335938,0.03800017089844232,0.4400015625000009
569,0.1259790616118908,0.34929201447963715,4.514002490234375,10.590002368164065,0.040000180664065965,0.3300011718749971
570,0.12191185478687286,0.36852612972259524,4.242002431640628,10.660002343749994,0.04200019042968961,0.32000126953124663
571,0.12230718002796173,0.36288211563825606,4.14600255859375,10.86000229492187,0.03000013183593353,0.3400012939453063
572,0.12473939913392067,0.36113012246489523,4.348002646484375,10.570002612304691,0.05000022949218419,0.36000117187499825
573,0.122398707613945,0.35217643110752106,4.25800247558594,10.410002416992185,0.04000019531250132,0.29000112304687775
574,0.12331226303219796,0.35871530262231827,4.3140024902343725,10.520002661132807,0.030000146484368884,0.3500011962890568
575,0.12474260724961758,0.3577028007924557,4.402002495117188,10.60000246582031,0.04600022460937225,0.300001171874996
576,0.12335176893234252,0.36406598529815676,4.176002646484378,10.610002539062506,0.0460002099609369,0.3800015624999986
577,0.12769854874372483,0.3529186887919903,4.576002636718755,10.280002587890621,0.03400015136718082,0.3300012451171881
578,0.12349788147568702,0.3567651655197144,4.346002539062496,10.610002246093757,0.03800017089844232,0.3700014404296894
579,0.12416228204250336,0.3529607458591461,4.29800248535156,10.470002441406251,0.03400015136718082,0.38000148925780763
580,0.12484269748449325,0.35218035225868227,4.344002392578119,10.370002319335939,0.0480002343749959,0.3900013916015581
581,0.12572303291201592,0.36053314155340194,4.490002514648438,10.690002416992186,0.042000175781254256,0.31000114746093743
582,0.12441762276172638,0.3575224191427231,4.368002597656243,10.610002465820315,0.026000126953121594,0.35000126953124777
583,0.12391914767384529,0.36483659278154373,4.312002626953131,10.580002221679692,0.03800017089844232,0.3100012207031284
584,0.12358312974452973,0.35716828528046607,4.188002480468754,10.450002319335937,0.03600017578125403,0.3200011230468789
585,0.12541365806102753,0.3542485081791878,4.294002480468748,10.540002709960945,0.05200025390624319,0.3300012451171881
586,0.12276110211968422,0.35726514868736264,4.324002578125004,10.56000270996094,0.03200015625000674,0.3100012939453194
587,0.12330880733013153,0.3611387714982033,4.276002617187501,10.860002783203129,0.0480002343749959,0.3000010986328192
588,0.12300460824489594,0.36774780414104463,4.252002431640619,10.720002709960937,0.03600017578125403,0.40000144042969055
589,0.12372630410313606,0.36197091283798216,4.220002622070311,10.59000227050781,0.02800013671874524,0.3200011230468789
590,0.1249313737130165,0.35846615297794343,4.332002475585938,10.580002539062505,0.04600022460937225,0.36000124511718923
591,0.12502796399593352,0.35326461527347564,4.412002495117193,10.640002685546875,0.04600022460937225,0.360001391601557
592,0.12427268808603287,0.359314968329668,4.338002426757811,10.590002416992192,0.03600017578125403,0.36000124511718923
593,0.12137463129520416,0.35943281883001327,4.196002539062505,10.630002856445316,0.028000122070309885,0.3700015136718804
594,0.12356969053268432,0.35787769634723665,4.330002573242183,10.500002368164061,0.024000102539062595,0.33000131835937907
595,0.12338952892184257,0.35217065970897676,4.3100024023437555,10.370002514648434,0.030000146484368884,0.3600013183593802
596,0.12291616385102272,0.36082787601947786,4.262002583007813,10.650002441406244,0.02800013671874524,0.35000134277343875
597,0.12410588443756103,0.366045144701004,4.380002460937504,10.950002880859373,0.034000166015630384,0.35000134277343875
598,0.12583507112860678,0.3623738186597824,4.420002661132813,10.470002587890619,0.03600017578125403,0.37000166015624814
599,0.12299419356703759,0.35715679063796996,4.254002499999999,10.4300025390625,0.042000205078124964,0.34000122070312955
600,0.12381782793521881,0.36039194024205207,4.324002548828119,10.490002734374997,0.02800013671874524,0.34000122070312955
601,0.1227672864317894,0.3608308697938919,4.354002509765621,10.540002465820308,0.02400011718749795,0.3200011230468789
602,0.12390980495095252,0.3598358707666397,4.362002495117181,10.600002563476565,0.04600022460937225,0.35000112304688
603,0.12458201776266098,0.35495857454538343,4.28200251464844,10.350002807617187,0.038000185546877674,0.37000129394530745
604,0.12452658164739609,0.3550361358642578,4.352002700195314,10.720002441406251,0.030000146484368884,0.36000117187499825
605,0.12389785962581634,0.3542141747236252,4.386002534179681,10.390002563476557,0.04000016601563061,0.35000141601562973
606,0.12540335052967072,0.3560698756694794,4.282002617187501,10.360002612304683,0.04600022460937225,0.3600013183593802
607,0.12640665441274643,0.3593656787455082,4.450002597656251,10.520002661132807,0.034000166015630384,0.47000148925781104
608,0.12100657706022262,0.35937235733270645,4.214002583007812,10.510002465820307,0.034000166015630384,0.30000102539062823
609,0.1225142100572586,0.3592262419104576,4.2380025439453135,10.390002856445307,0.026000126953121594,0.4000012939453086
610,0.1250380063343048,0.35998778500556944,4.400002514648435,10.42000234375,0.05200025390624319,0.31000107421874645
611,0.12291927157640457,0.3604298733770847,4.278002558593755,10.510002465820307,0.018000087890627015,0.35000134277343875
612,0.12437872936487197,0.3599171222567558,4.376002553710933,10.550002587890631,0.03600017578125403,0.3700012207031307
613,0.12444909048318863,0.3614452619254589,4.354002534179685,10.570002319335941,0.030000146484368884,0.3600013183593802
614,0.12124214160919189,0.35838312282562257,4.172002661132808,10.450002539062496,0.04400021484374861,0.3300011718749971
615,0.1216393990457058,0.35770498986244204,4.318002592773439,10.690002783203127,0.02000009765625066,0.31000114746093743
616,0.1237272350859642,0.3623252455294132,4.358002690429686,10.440002124023437,0.038000185546877674,0.31000114746093743
617,0.12360726057052612,0.3655646169900894,4.29000261230469,10.570002416992182,0.03200014648437843,0.35000126953124777
618,0.12314569494724274,0.3639063575744629,4.2580025048828105,10.82000283203125,0.03600017578125403,0.35000126953124777
619,0.12360751677513122,0.35843570256233215,4.308002631835933,10.570002685546882,0.054000263671881044,0.3300012451171881
620,0.1245009062564373,0.36609057931900024,4.440002465820314,10.670002539062494,0.0460002099609369,0.35000134277343875
621,0.1256133191871643,0.3617690247416496,4.342002431640623,10.540002636718754,0.05000022949218419,0.3300012451171881
622,0.1230773402428627,0.35411763803958896,4.32000242675781,10.53000278320313,0.030000146484368884,0.39000153808594007
623,0.12618592803955078,0.36180376586914065,4.442002602539063,10.820002514648436,0.042000205078124964,0.36000117187499825
624,0.12424848980903626,0.35821999058723447,4.344002592773435,10.670002392578127,0.056000258789069335,0.3100012939453194
625,0.12266896171212197,0.3575872124195099,4.248002402343744,10.510002709960943,0.036000161132818675,0.3500011962890568
626,0.12248169301509858,0.36001149389743803,4.380002509765632,10.57000283203125,0.032000141601557175,0.36000124511718923
627,0.12265472461819649,0.35751532553434373,4.366002597656248,10.35000266113282,0.042000205078124964,0.3400012939453063
628,0.12426800204515458,0.354775260412693,4.338002553710936,10.370002514648434,0.042000205078124964,0.33000102539062937
629,0.12412327918052674,0.3596328001737595,4.442002460937502,10.540002514648435,0.036000161132818675,0.35000134277343875
630,0.12310312797307968,0.3565382223844528,4.224002436523435,10.41000258789063,0.03600017578125403,0.4200015380859412
631,0.12239451807022095,0.35846967921257017,4.412002504882807,10.56000241699219,0.038000185546877674,0.3700012207031307
632,0.1261312779402733,0.35672450135946276,4.414002675781248,10.51000239257813,0.03600017578125403,0.33000131835937907
633,0.12281164818286895,0.35543946772813795,4.392002539062503,10.430002880859377,0.03400015136718082,0.3800013427734399
634,0.12626224573254585,0.3562808436512947,4.418002534179692,10.260002709960943,0.05200025390624319,0.31000114746093743
635,0.12242082546114921,0.3608087284684181,4.344002675781255,10.510002246093748,0.04200019042968961,0.35000134277343875
636,0.12071571629285813,0.3517366024017334,4.206002626953122,10.270002929687493,0.042000205078124964,0.35000126953124777
637,0.12154849307537079,0.3602519897937775,4.2000025732421875,10.630002465820311,0.0460002099609369,0.38000119628905793
